{
    "Sarsa": {
        "mean": 169.8,
        "std": 0.6000000000000001,
        "safe": 0.5196,
        "risky": 0.051
    },
    "ExpectedSarsa": {
        "mean": 170.4,
        "std": 2.1540659228538015,
        "safe": 0.5702,
        "risky": 0.023
    },
    "QLearning": {
        "mean": 173.2,
        "std": 1.2489995996796797,
        "safe": 0.77112,
        "risky": 0.01694,
        "best_alpha": 0.55
    }
}